"Model","Variance","Log_Likelihood"
"Model 1",1.22670120346116,-302.709204671119
"Model 2",2.73059337088283,-382.728236615038
"Model 3",1.84878350776525,-343.729128802978
"Model 4",1.23263184691652,-302.682595549092
"Model 5",0.815274539918812,-260.832889475568
